{
    "$schema": "https://schema.management.azure.com/schemas/2015-01-01/deploymentParameters.json#",
    "contentVersion": "1.0.0.0",
    "parameters": {
        "natGateways_nat_gateway_name": {
            "value": null
        },
        "virtualNetworks_vnet_01_name": {
            "value": null
        },
        "loadBalancers_Loadbalancer_name": {
            "value": null
        },
        "publicIPAddresses_lb_fe_ip_name": {
            "value": null
        },
        "virtualMachines_Linux_vm_02_name": {
            "value": null
        },
        "bastionHosts_vnet_01_Bastion_name": {
            "value": null
        },
        "virtualMachines_Windows_vm_01_name": {
            "value": null
        },
        "publicIPAddresses_Public_ip_nat_name": {
            "value": null
        },
        "publicIPAddresses_vnet_01_bastion_name": {
            "value": null
        },
        "networkInterfaces_linux_vm_02666_z2_name": {
            "value": null
        },
        "networkInterfaces_windows_vm_01509_z1_name": {
            "value": null
        },
        "networkSecurityGroups_Windows_vm_01_nsg_name": {
            "value": null
        },
        "actionGroups_RecommendedAlertRules_AG_1_name": {
            "value": null
        },
        "metricAlerts_Percentage_CPU___Linux_vm_02_name": {
            "value": null
        },
        "metricAlerts_VM_Availability___Linux_vm_02_name": {
            "value": null
        },
        "metricAlerts_Network_In_Total___Linux_vm_02_name": {
            "value": null
        },
        "metricAlerts_Percentage_CPU___Windows_vm_01_name": {
            "value": null
        },
        "metricAlerts_Network_Out_Total___Linux_vm_02_name": {
            "value": null
        },
        "metricAlerts_VM_Availability___Windows_vm_01_name": {
            "value": null
        },
        "metricAlerts_Network_In_Total___Windows_vm_01_name": {
            "value": null
        },
        "metricAlerts_Network_Out_Total___Windows_vm_01_name": {
            "value": null
        },
        "metricAlerts_Available_Memory_Bytes___Linux_vm_02_name": {
            "value": null
        },
        "metricAlerts_Available_Memory_Bytes___Windows_vm_01_name": {
            "value": null
        },
        "metricAlerts_OS_Disk_IOPS_Consumed_Percentage___Linux_vm_02_name": {
            "value": null
        },
        "metricAlerts_Data_Disk_IOPS_Consumed_Percentage___Linux_vm_02_name": {
            "value": null
        },
        "metricAlerts_OS_Disk_IOPS_Consumed_Percentage___Windows_vm_01_name": {
            "value": null
        },
        "metricAlerts_Data_Disk_IOPS_Consumed_Percentage___Windows_vm_01_name": {
            "value": null
        }
    }
}