{
    "$schema": "https://schema.management.azure.com/schemas/2019-04-01/deploymentTemplate.json#",
    "contentVersion": "1.0.0.0",
    "parameters": {
        "natGateways_nat_gateway_name": {
            "defaultValue": "nat-gateway",
            "type": "String"
        },
        "virtualNetworks_vnet_01_name": {
            "defaultValue": "vnet-01",
            "type": "String"
        },
        "loadBalancers_Loadbalancer_name": {
            "defaultValue": "Loadbalancer",
            "type": "String"
        },
        "publicIPAddresses_lb_fe_ip_name": {
            "defaultValue": "lb-fe-ip",
            "type": "String"
        },
        "virtualMachines_Linux_vm_02_name": {
            "defaultValue": "Linux-vm-02",
            "type": "String"
        },
        "bastionHosts_vnet_01_Bastion_name": {
            "defaultValue": "vnet-01-Bastion",
            "type": "String"
        },
        "virtualMachines_Windows_vm_01_name": {
            "defaultValue": "Windows-vm-01",
            "type": "String"
        },
        "publicIPAddresses_Public_ip_nat_name": {
            "defaultValue": "Public-ip-nat",
            "type": "String"
        },
        "publicIPAddresses_vnet_01_bastion_name": {
            "defaultValue": "vnet-01-bastion",
            "type": "String"
        },
        "networkInterfaces_linux_vm_02666_z2_name": {
            "defaultValue": "linux-vm-02666_z2",
            "type": "String"
        },
        "networkInterfaces_windows_vm_01509_z1_name": {
            "defaultValue": "windows-vm-01509_z1",
            "type": "String"
        },
        "networkSecurityGroups_Windows_vm_01_nsg_name": {
            "defaultValue": "Windows-vm-01-nsg",
            "type": "String"
        },
        "actionGroups_RecommendedAlertRules_AG_1_name": {
            "defaultValue": "RecommendedAlertRules-AG-1",
            "type": "String"
        },
        "metricAlerts_Percentage_CPU___Linux_vm_02_name": {
            "defaultValue": "Percentage CPU - Linux-vm-02",
            "type": "String"
        },
        "metricAlerts_VM_Availability___Linux_vm_02_name": {
            "defaultValue": "VM Availability - Linux-vm-02",
            "type": "String"
        },
        "metricAlerts_Network_In_Total___Linux_vm_02_name": {
            "defaultValue": "Network In Total - Linux-vm-02",
            "type": "String"
        },
        "metricAlerts_Percentage_CPU___Windows_vm_01_name": {
            "defaultValue": "Percentage CPU - Windows-vm-01",
            "type": "String"
        },
        "metricAlerts_Network_Out_Total___Linux_vm_02_name": {
            "defaultValue": "Network Out Total - Linux-vm-02",
            "type": "String"
        },
        "metricAlerts_VM_Availability___Windows_vm_01_name": {
            "defaultValue": "VM Availability - Windows-vm-01",
            "type": "String"
        },
        "metricAlerts_Network_In_Total___Windows_vm_01_name": {
            "defaultValue": "Network In Total - Windows-vm-01",
            "type": "String"
        },
        "metricAlerts_Network_Out_Total___Windows_vm_01_name": {
            "defaultValue": "Network Out Total - Windows-vm-01",
            "type": "String"
        },
        "metricAlerts_Available_Memory_Bytes___Linux_vm_02_name": {
            "defaultValue": "Available Memory Bytes - Linux-vm-02",
            "type": "String"
        },
        "metricAlerts_Available_Memory_Bytes___Windows_vm_01_name": {
            "defaultValue": "Available Memory Bytes - Windows-vm-01",
            "type": "String"
        },
        "metricAlerts_OS_Disk_IOPS_Consumed_Percentage___Linux_vm_02_name": {
            "defaultValue": "OS Disk IOPS Consumed Percentage - Linux-vm-02",
            "type": "String"
        },
        "metricAlerts_Data_Disk_IOPS_Consumed_Percentage___Linux_vm_02_name": {
            "defaultValue": "Data Disk IOPS Consumed Percentage - Linux-vm-02",
            "type": "String"
        },
        "metricAlerts_OS_Disk_IOPS_Consumed_Percentage___Windows_vm_01_name": {
            "defaultValue": "OS Disk IOPS Consumed Percentage - Windows-vm-01",
            "type": "String"
        },
        "metricAlerts_Data_Disk_IOPS_Consumed_Percentage___Windows_vm_01_name": {
            "defaultValue": "Data Disk IOPS Consumed Percentage - Windows-vm-01",
            "type": "String"
        }
    },
    "variables": {},
    "resources": [
        {
            "type": "microsoft.insights/actionGroups",
            "apiVersion": "2023-09-01-preview",
            "name": "[parameters('actionGroups_RecommendedAlertRules_AG_1_name')]",
            "location": "Global",
            "properties": {
                "groupShortName": "recalert1",
                "enabled": true,
                "emailReceivers": [
                    {
                        "name": "Email0_-EmailAction-",
                        "emailAddress": "shashankprakashnaidu@outlook.com",
                        "useCommonAlertSchema": true
                    }
                ],
                "smsReceivers": [],
                "webhookReceivers": [],
                "eventHubReceivers": [],
                "itsmReceivers": [],
                "azureAppPushReceivers": [],
                "automationRunbookReceivers": [],
                "voiceReceivers": [],
                "logicAppReceivers": [],
                "azureFunctionReceivers": [],
                "armRoleReceivers": []
            }
        },
        {
            "type": "Microsoft.Network/networkSecurityGroups",
            "apiVersion": "2024-01-01",
            "name": "[parameters('networkSecurityGroups_Windows_vm_01_nsg_name')]",
            "location": "centralus",
            "tags": {
                "NCPL": "Project-02"
            },
            "properties": {
                "securityRules": [
                    {
                        "name": "default-allow-rdp",
                        "id": "[resourceId('Microsoft.Network/networkSecurityGroups/securityRules', parameters('networkSecurityGroups_Windows_vm_01_nsg_name'), 'default-allow-rdp')]",
                        "type": "Microsoft.Network/networkSecurityGroups/securityRules",
                        "properties": {
                            "protocol": "TCP",
                            "sourcePortRange": "*",
                            "destinationPortRange": "3389",
                            "sourceAddressPrefix": "*",
                            "destinationAddressPrefix": "*",
                            "access": "Allow",
                            "priority": 1000,
                            "direction": "Inbound",
                            "sourcePortRanges": [],
                            "destinationPortRanges": [],
                            "sourceAddressPrefixes": [],
                            "destinationAddressPrefixes": []
                        }
                    },
                    {
                        "name": "AllowAnyHTTPInbound",
                        "id": "[resourceId('Microsoft.Network/networkSecurityGroups/securityRules', parameters('networkSecurityGroups_Windows_vm_01_nsg_name'), 'AllowAnyHTTPInbound')]",
                        "type": "Microsoft.Network/networkSecurityGroups/securityRules",
                        "properties": {
                            "protocol": "TCP",
                            "sourcePortRange": "*",
                            "destinationPortRange": "80",
                            "sourceAddressPrefix": "*",
                            "destinationAddressPrefix": "*",
                            "access": "Allow",
                            "priority": 1010,
                            "direction": "Inbound",
                            "sourcePortRanges": [],
                            "destinationPortRanges": [],
                            "sourceAddressPrefixes": [],
                            "destinationAddressPrefixes": []
                        }
                    }
                ]
            }
        },
        {
            "type": "Microsoft.Network/publicIPAddresses",
            "apiVersion": "2024-01-01",
            "name": "[parameters('publicIPAddresses_lb_fe_ip_name')]",
            "location": "centralus",
            "tags": {
                "NCPL": "Project-02"
            },
            "sku": {
                "name": "Standard",
                "tier": "Regional"
            },
            "zones": [
                "1",
                "2",
                "3"
            ],
            "properties": {
                "ipAddress": "172.169.107.44",
                "publicIPAddressVersion": "IPv4",
                "publicIPAllocationMethod": "Static",
                "idleTimeoutInMinutes": 4,
                "ipTags": [],
                "ddosSettings": {
                    "protectionMode": "VirtualNetworkInherited"
                }
            }
        },
        {
            "type": "Microsoft.Network/publicIPAddresses",
            "apiVersion": "2024-01-01",
            "name": "[parameters('publicIPAddresses_vnet_01_bastion_name')]",
            "location": "centralus",
            "sku": {
                "name": "Standard",
                "tier": "Regional"
            },
            "properties": {
                "ipAddress": "40.86.74.132",
                "publicIPAddressVersion": "IPv4",
                "publicIPAllocationMethod": "Static",
                "idleTimeoutInMinutes": 4,
                "ipTags": [],
                "ddosSettings": {
                    "protectionMode": "VirtualNetworkInherited"
                }
            }
        },
        {
            "type": "Microsoft.Compute/virtualMachines",
            "apiVersion": "2024-03-01",
            "name": "[parameters('virtualMachines_Linux_vm_02_name')]",
            "location": "centralus",
            "dependsOn": [
                "[resourceId('Microsoft.Network/networkInterfaces', parameters('networkInterfaces_linux_vm_02666_z2_name'))]"
            ],
            "tags": {
                "NCPL": "Project-02"
            },
            "zones": [
                "2"
            ],
            "properties": {
                "hardwareProfile": {
                    "vmSize": "Standard_D2ds_v5"
                },
                "additionalCapabilities": {
                    "hibernationEnabled": false
                },
                "storageProfile": {
                    "imageReference": {
                        "publisher": "canonical",
                        "offer": "ubuntu-24_04-lts",
                        "sku": "server",
                        "version": "latest"
                    },
                    "osDisk": {
                        "osType": "Linux",
                        "name": "[concat(parameters('virtualMachines_Linux_vm_02_name'), '_OsDisk_1_a46046dd85194bdba56a396e5680fdea')]",
                        "createOption": "FromImage",
                        "caching": "ReadWrite",
                        "managedDisk": {
                            "storageAccountType": "StandardSSD_LRS",
                            "id": "[resourceId('Microsoft.Compute/disks', concat(parameters('virtualMachines_Linux_vm_02_name'), '_OsDisk_1_a46046dd85194bdba56a396e5680fdea'))]"
                        },
                        "deleteOption": "Delete",
                        "diskSizeGB": 30
                    },
                    "dataDisks": [],
                    "diskControllerType": "SCSI"
                },
                "osProfile": {
                    "computerName": "[parameters('virtualMachines_Linux_vm_02_name')]",
                    "adminUsername": "Shashankpnaidu",
                    "linuxConfiguration": {
                        "disablePasswordAuthentication": false,
                        "provisionVMAgent": true,
                        "patchSettings": {
                            "patchMode": "ImageDefault",
                            "assessmentMode": "ImageDefault"
                        }
                    },
                    "secrets": [],
                    "allowExtensionOperations": true,
                    "requireGuestProvisionSignal": true
                },
                "securityProfile": {
                    "uefiSettings": {
                        "secureBootEnabled": true,
                        "vTpmEnabled": true
                    },
                    "securityType": "TrustedLaunch"
                },
                "networkProfile": {
                    "networkInterfaces": [
                        {
                            "id": "[resourceId('Microsoft.Network/networkInterfaces', parameters('networkInterfaces_linux_vm_02666_z2_name'))]",
                            "properties": {
                                "deleteOption": "Detach"
                            }
                        }
                    ]
                },
                "diagnosticsProfile": {
                    "bootDiagnostics": {
                        "enabled": true
                    }
                }
            }
        },
        {
            "type": "Microsoft.Compute/virtualMachines",
            "apiVersion": "2024-03-01",
            "name": "[parameters('virtualMachines_Windows_vm_01_name')]",
            "location": "centralus",
            "dependsOn": [
                "[resourceId('Microsoft.Network/networkInterfaces', parameters('networkInterfaces_windows_vm_01509_z1_name'))]"
            ],
            "tags": {
                "NCPL": "Project-02"
            },
            "zones": [
                "1"
            ],
            "properties": {
                "hardwareProfile": {
                    "vmSize": "Standard_DC1ds_v3"
                },
                "additionalCapabilities": {
                    "hibernationEnabled": false
                },
                "storageProfile": {
                    "imageReference": {
                        "publisher": "MicrosoftWindowsServer",
                        "offer": "WindowsServer",
                        "sku": "2022-datacenter-azure-edition",
                        "version": "latest"
                    },
                    "osDisk": {
                        "osType": "Windows",
                        "name": "[concat(parameters('virtualMachines_Windows_vm_01_name'), '_OsDisk_1_fa9b703ca4a048938e4df828a256cf6c')]",
                        "createOption": "FromImage",
                        "caching": "ReadWrite",
                        "managedDisk": {
                            "storageAccountType": "StandardSSD_LRS",
                            "id": "[resourceId('Microsoft.Compute/disks', concat(parameters('virtualMachines_Windows_vm_01_name'), '_OsDisk_1_fa9b703ca4a048938e4df828a256cf6c'))]"
                        },
                        "deleteOption": "Delete",
                        "diskSizeGB": 127
                    },
                    "dataDisks": [],
                    "diskControllerType": "SCSI"
                },
                "osProfile": {
                    "computerName": "[parameters('virtualMachines_Windows_vm_01_name')]",
                    "adminUsername": "Shashankpnaidu",
                    "windowsConfiguration": {
                        "provisionVMAgent": true,
                        "enableAutomaticUpdates": true,
                        "patchSettings": {
                            "patchMode": "AutomaticByOS",
                            "assessmentMode": "ImageDefault",
                            "enableHotpatching": false
                        }
                    },
                    "secrets": [],
                    "allowExtensionOperations": true,
                    "requireGuestProvisionSignal": true
                },
                "securityProfile": {
                    "uefiSettings": {
                        "secureBootEnabled": true,
                        "vTpmEnabled": true
                    },
                    "securityType": "TrustedLaunch"
                },
                "networkProfile": {
                    "networkInterfaces": [
                        {
                            "id": "[resourceId('Microsoft.Network/networkInterfaces', parameters('networkInterfaces_windows_vm_01509_z1_name'))]",
                            "properties": {
                                "deleteOption": "Detach"
                            }
                        }
                    ]
                },
                "diagnosticsProfile": {
                    "bootDiagnostics": {
                        "enabled": true
                    }
                }
            }
        },
        {
            "type": "Microsoft.Compute/virtualMachines/extensions",
            "apiVersion": "2024-03-01",
            "name": "[concat(parameters('virtualMachines_Linux_vm_02_name'), '/AzureNetworkWatcherExtension')]",
            "location": "centralus",
            "dependsOn": [
                "[resourceId('Microsoft.Compute/virtualMachines', parameters('virtualMachines_Linux_vm_02_name'))]"
            ],
            "properties": {
                "autoUpgradeMinorVersion": true,
                "publisher": "Microsoft.Azure.NetworkWatcher",
                "type": "NetworkWatcherAgentLinux",
                "typeHandlerVersion": "1.4"
            }
        },
        {
            "type": "Microsoft.Compute/virtualMachines/extensions",
            "apiVersion": "2024-03-01",
            "name": "[concat(parameters('virtualMachines_Windows_vm_01_name'), '/AzureNetworkWatcherExtension')]",
            "location": "centralus",
            "dependsOn": [
                "[resourceId('Microsoft.Compute/virtualMachines', parameters('virtualMachines_Windows_vm_01_name'))]"
            ],
            "properties": {
                "autoUpgradeMinorVersion": true,
                "publisher": "Microsoft.Azure.NetworkWatcher",
                "type": "NetworkWatcherAgentWindows",
                "typeHandlerVersion": "1.4"
            }
        },
        {
            "type": "Microsoft.Network/loadBalancers",
            "apiVersion": "2024-01-01",
            "name": "[parameters('loadBalancers_Loadbalancer_name')]",
            "location": "centralus",
            "dependsOn": [
                "[resourceId('Microsoft.Network/publicIPAddresses', parameters('publicIPAddresses_lb_fe_ip_name'))]"
            ],
            "tags": {
                "NCPL": "Project-02"
            },
            "sku": {
                "name": "Standard",
                "tier": "Regional"
            },
            "properties": {
                "frontendIPConfigurations": [
                    {
                        "name": "lb-fe",
                        "id": "[concat(resourceId('Microsoft.Network/loadBalancers', parameters('loadBalancers_Loadbalancer_name')), '/frontendIPConfigurations/lb-fe')]",
                        "properties": {
                            "privateIPAllocationMethod": "Dynamic",
                            "publicIPAddress": {
                                "id": "[resourceId('Microsoft.Network/publicIPAddresses', parameters('publicIPAddresses_lb_fe_ip_name'))]"
                            }
                        }
                    }
                ],
                "backendAddressPools": [
                    {
                        "name": "lb-bp",
                        "id": "[resourceId('Microsoft.Network/loadBalancers/backendAddressPools', parameters('loadBalancers_Loadbalancer_name'), 'lb-bp')]",
                        "properties": {
                            "loadBalancerBackendAddresses": [
                                {
                                    "name": "project-02_windows-vm-01509_z1ipconfig1",
                                    "properties": {}
                                },
                                {
                                    "name": "project-02_linux-vm-02666_z2ipconfig1",
                                    "properties": {}
                                }
                            ]
                        }
                    }
                ],
                "loadBalancingRules": [
                    {
                        "name": "http-rule",
                        "id": "[concat(resourceId('Microsoft.Network/loadBalancers', parameters('loadBalancers_Loadbalancer_name')), '/loadBalancingRules/http-rule')]",
                        "properties": {
                            "frontendIPConfiguration": {
                                "id": "[concat(resourceId('Microsoft.Network/loadBalancers', parameters('loadBalancers_Loadbalancer_name')), '/frontendIPConfigurations/lb-fe')]"
                            },
                            "frontendPort": 80,
                            "backendPort": 80,
                            "enableFloatingIP": false,
                            "idleTimeoutInMinutes": 15,
                            "protocol": "Tcp",
                            "enableTcpReset": true,
                            "loadDistribution": "Default",
                            "disableOutboundSnat": true,
                            "backendAddressPool": {
                                "id": "[resourceId('Microsoft.Network/loadBalancers/backendAddressPools', parameters('loadBalancers_Loadbalancer_name'), 'lb-bp')]"
                            },
                            "backendAddressPools": [
                                {
                                    "id": "[resourceId('Microsoft.Network/loadBalancers/backendAddressPools', parameters('loadBalancers_Loadbalancer_name'), 'lb-bp')]"
                                }
                            ],
                            "probe": {
                                "id": "[concat(resourceId('Microsoft.Network/loadBalancers', parameters('loadBalancers_Loadbalancer_name')), '/probes/lb-hp')]"
                            }
                        }
                    }
                ],
                "probes": [
                    {
                        "name": "lb-hp",
                        "id": "[concat(resourceId('Microsoft.Network/loadBalancers', parameters('loadBalancers_Loadbalancer_name')), '/probes/lb-hp')]",
                        "properties": {
                            "protocol": "Tcp",
                            "port": 80,
                            "intervalInSeconds": 5,
                            "numberOfProbes": 1,
                            "probeThreshold": 1,
                            "noHealthyBackendsBehavior": "AllProbedDown"
                        }
                    }
                ],
                "inboundNatRules": [],
                "outboundRules": [],
                "inboundNatPools": []
            }
        },
        {
            "type": "Microsoft.Network/loadBalancers/backendAddressPools",
            "apiVersion": "2024-01-01",
            "name": "[concat(parameters('loadBalancers_Loadbalancer_name'), '/lb-bp')]",
            "dependsOn": [
                "[resourceId('Microsoft.Network/loadBalancers', parameters('loadBalancers_Loadbalancer_name'))]"
            ],
            "properties": {
                "loadBalancerBackendAddresses": [
                    {
                        "name": "project-02_windows-vm-01509_z1ipconfig1",
                        "properties": {}
                    },
                    {
                        "name": "project-02_linux-vm-02666_z2ipconfig1",
                        "properties": {}
                    }
                ]
            }
        },
        {
            "type": "Microsoft.Network/natGateways",
            "apiVersion": "2024-01-01",
            "name": "[parameters('natGateways_nat_gateway_name')]",
            "location": "centralus",
            "dependsOn": [
                "[resourceId('Microsoft.Network/publicIPAddresses', parameters('publicIPAddresses_Public_ip_nat_name'))]"
            ],
            "tags": {
                "NCPL": "Project-02"
            },
            "sku": {
                "name": "Standard",
                "tier": "Regional"
            },
            "properties": {
                "idleTimeoutInMinutes": 4,
                "publicIpAddresses": [
                    {
                        "id": "[resourceId('Microsoft.Network/publicIPAddresses', parameters('publicIPAddresses_Public_ip_nat_name'))]"
                    }
                ]
            }
        },
        {
            "type": "Microsoft.Network/networkSecurityGroups/securityRules",
            "apiVersion": "2024-01-01",
            "name": "[concat(parameters('networkSecurityGroups_Windows_vm_01_nsg_name'), '/AllowAnyHTTPInbound')]",
            "dependsOn": [
                "[resourceId('Microsoft.Network/networkSecurityGroups', parameters('networkSecurityGroups_Windows_vm_01_nsg_name'))]"
            ],
            "properties": {
                "protocol": "TCP",
                "sourcePortRange": "*",
                "destinationPortRange": "80",
                "sourceAddressPrefix": "*",
                "destinationAddressPrefix": "*",
                "access": "Allow",
                "priority": 1010,
                "direction": "Inbound",
                "sourcePortRanges": [],
                "destinationPortRanges": [],
                "sourceAddressPrefixes": [],
                "destinationAddressPrefixes": []
            }
        },
        {
            "type": "Microsoft.Network/networkSecurityGroups/securityRules",
            "apiVersion": "2024-01-01",
            "name": "[concat(parameters('networkSecurityGroups_Windows_vm_01_nsg_name'), '/default-allow-rdp')]",
            "dependsOn": [
                "[resourceId('Microsoft.Network/networkSecurityGroups', parameters('networkSecurityGroups_Windows_vm_01_nsg_name'))]"
            ],
            "properties": {
                "protocol": "TCP",
                "sourcePortRange": "*",
                "destinationPortRange": "3389",
                "sourceAddressPrefix": "*",
                "destinationAddressPrefix": "*",
                "access": "Allow",
                "priority": 1000,
                "direction": "Inbound",
                "sourcePortRanges": [],
                "destinationPortRanges": [],
                "sourceAddressPrefixes": [],
                "destinationAddressPrefixes": []
            }
        },
        {
            "type": "Microsoft.Network/publicIPAddresses",
            "apiVersion": "2024-01-01",
            "name": "[parameters('publicIPAddresses_Public_ip_nat_name')]",
            "location": "centralus",
            "dependsOn": [
                "[resourceId('Microsoft.Network/natGateways', parameters('natGateways_nat_gateway_name'))]"
            ],
            "sku": {
                "name": "Standard",
                "tier": "Regional"
            },
            "properties": {
                "natGateway": {
                    "id": "[resourceId('Microsoft.Network/natGateways', parameters('natGateways_nat_gateway_name'))]"
                },
                "ipAddress": "13.86.30.62",
                "publicIPAddressVersion": "IPv4",
                "publicIPAllocationMethod": "Static",
                "idleTimeoutInMinutes": 4,
                "ipTags": [],
                "ddosSettings": {
                    "protectionMode": "VirtualNetworkInherited"
                }
            }
        },
        {
            "type": "Microsoft.Network/virtualNetworks",
            "apiVersion": "2024-01-01",
            "name": "[parameters('virtualNetworks_vnet_01_name')]",
            "location": "centralus",
            "dependsOn": [
                "[resourceId('Microsoft.Network/natGateways', parameters('natGateways_nat_gateway_name'))]"
            ],
            "tags": {
                "NCPL": "Project-02"
            },
            "properties": {
                "addressSpace": {
                    "addressPrefixes": [
                        "10.0.0.0/16"
                    ]
                },
                "encryption": {
                    "enabled": false,
                    "enforcement": "AllowUnencrypted"
                },
                "subnets": [
                    {
                        "name": "subnet-01",
                        "id": "[resourceId('Microsoft.Network/virtualNetworks/subnets', parameters('virtualNetworks_vnet_01_name'), 'subnet-01')]",
                        "properties": {
                            "addressPrefixes": [
                                "10.0.0.0/24"
                            ],
                            "natGateway": {
                                "id": "[resourceId('Microsoft.Network/natGateways', parameters('natGateways_nat_gateway_name'))]"
                            },
                            "delegations": [],
                            "privateEndpointNetworkPolicies": "Disabled",
                            "privateLinkServiceNetworkPolicies": "Enabled"
                        },
                        "type": "Microsoft.Network/virtualNetworks/subnets"
                    },
                    {
                        "name": "AzureBastionSubnet",
                        "id": "[resourceId('Microsoft.Network/virtualNetworks/subnets', parameters('virtualNetworks_vnet_01_name'), 'AzureBastionSubnet')]",
                        "properties": {
                            "addressPrefixes": [
                                "10.0.1.0/26"
                            ],
                            "delegations": [],
                            "privateEndpointNetworkPolicies": "Disabled",
                            "privateLinkServiceNetworkPolicies": "Enabled"
                        },
                        "type": "Microsoft.Network/virtualNetworks/subnets"
                    }
                ],
                "virtualNetworkPeerings": [],
                "enableDdosProtection": false
            }
        },
        {
            "type": "Microsoft.Network/virtualNetworks/subnets",
            "apiVersion": "2024-01-01",
            "name": "[concat(parameters('virtualNetworks_vnet_01_name'), '/AzureBastionSubnet')]",
            "dependsOn": [
                "[resourceId('Microsoft.Network/virtualNetworks', parameters('virtualNetworks_vnet_01_name'))]"
            ],
            "properties": {
                "addressPrefixes": [
                    "10.0.1.0/26"
                ],
                "delegations": [],
                "privateEndpointNetworkPolicies": "Disabled",
                "privateLinkServiceNetworkPolicies": "Enabled"
            }
        },
        {
            "type": "Microsoft.Insights/metricAlerts",
            "apiVersion": "2018-03-01",
            "name": "[parameters('metricAlerts_Available_Memory_Bytes___Linux_vm_02_name')]",
            "location": "global",
            "dependsOn": [
                "[resourceId('Microsoft.Compute/virtualMachines', parameters('virtualMachines_Linux_vm_02_name'))]",
                "[resourceId('microsoft.insights/actionGroups', parameters('actionGroups_RecommendedAlertRules_AG_1_name'))]"
            ],
            "tags": {
                "alertRuleCreatedWithAlertsRecommendations": "true"
            },
            "properties": {
                "severity": 3,
                "enabled": true,
                "scopes": [
                    "[resourceId('Microsoft.Compute/virtualMachines', parameters('virtualMachines_Linux_vm_02_name'))]"
                ],
                "evaluationFrequency": "PT5M",
                "windowSize": "PT5M",
                "criteria": {
                    "allOf": [
                        {
                            "threshold": 1000000000,
                            "name": "Metric1",
                            "metricName": "Available Memory Bytes",
                            "operator": "LessThan",
                            "timeAggregation": "Average",
                            "criterionType": "StaticThresholdCriterion"
                        }
                    ],
                    "odata.type": "Microsoft.Azure.Monitor.MultipleResourceMultipleMetricCriteria"
                },
                "actions": [
                    {
                        "actionGroupId": "[resourceId('microsoft.insights/actionGroups', parameters('actionGroups_RecommendedAlertRules_AG_1_name'))]"
                    }
                ]
            }
        },
        {
            "type": "Microsoft.Insights/metricAlerts",
            "apiVersion": "2018-03-01",
            "name": "[parameters('metricAlerts_Available_Memory_Bytes___Windows_vm_01_name')]",
            "location": "global",
            "dependsOn": [
                "[resourceId('Microsoft.Compute/virtualMachines', parameters('virtualMachines_Windows_vm_01_name'))]",
                "[resourceId('microsoft.insights/actionGroups', parameters('actionGroups_RecommendedAlertRules_AG_1_name'))]"
            ],
            "tags": {
                "alertRuleCreatedWithAlertsRecommendations": "true"
            },
            "properties": {
                "severity": 3,
                "enabled": true,
                "scopes": [
                    "[resourceId('Microsoft.Compute/virtualMachines', parameters('virtualMachines_Windows_vm_01_name'))]"
                ],
                "evaluationFrequency": "PT5M",
                "windowSize": "PT5M",
                "criteria": {
                    "allOf": [
                        {
                            "threshold": 1000000000,
                            "name": "Metric1",
                            "metricName": "Available Memory Bytes",
                            "operator": "LessThan",
                            "timeAggregation": "Average",
                            "criterionType": "StaticThresholdCriterion"
                        }
                    ],
                    "odata.type": "Microsoft.Azure.Monitor.MultipleResourceMultipleMetricCriteria"
                },
                "actions": [
                    {
                        "actionGroupId": "[resourceId('microsoft.insights/actionGroups', parameters('actionGroups_RecommendedAlertRules_AG_1_name'))]"
                    }
                ]
            }
        },
        {
            "type": "Microsoft.Insights/metricAlerts",
            "apiVersion": "2018-03-01",
            "name": "[parameters('metricAlerts_Data_Disk_IOPS_Consumed_Percentage___Linux_vm_02_name')]",
            "location": "global",
            "dependsOn": [
                "[resourceId('Microsoft.Compute/virtualMachines', parameters('virtualMachines_Linux_vm_02_name'))]",
                "[resourceId('microsoft.insights/actionGroups', parameters('actionGroups_RecommendedAlertRules_AG_1_name'))]"
            ],
            "tags": {
                "alertRuleCreatedWithAlertsRecommendations": "true"
            },
            "properties": {
                "severity": 3,
                "enabled": true,
                "scopes": [
                    "[resourceId('Microsoft.Compute/virtualMachines', parameters('virtualMachines_Linux_vm_02_name'))]"
                ],
                "evaluationFrequency": "PT5M",
                "windowSize": "PT5M",
                "criteria": {
                    "allOf": [
                        {
                            "threshold": 95,
                            "name": "Metric1",
                            "metricName": "Data Disk IOPS Consumed Percentage",
                            "operator": "GreaterThan",
                            "timeAggregation": "Average",
                            "criterionType": "StaticThresholdCriterion"
                        }
                    ],
                    "odata.type": "Microsoft.Azure.Monitor.MultipleResourceMultipleMetricCriteria"
                },
                "actions": [
                    {
                        "actionGroupId": "[resourceId('microsoft.insights/actionGroups', parameters('actionGroups_RecommendedAlertRules_AG_1_name'))]"
                    }
                ]
            }
        },
        {
            "type": "Microsoft.Insights/metricAlerts",
            "apiVersion": "2018-03-01",
            "name": "[parameters('metricAlerts_Data_Disk_IOPS_Consumed_Percentage___Windows_vm_01_name')]",
            "location": "global",
            "dependsOn": [
                "[resourceId('Microsoft.Compute/virtualMachines', parameters('virtualMachines_Windows_vm_01_name'))]",
                "[resourceId('microsoft.insights/actionGroups', parameters('actionGroups_RecommendedAlertRules_AG_1_name'))]"
            ],
            "tags": {
                "alertRuleCreatedWithAlertsRecommendations": "true"
            },
            "properties": {
                "severity": 3,
                "enabled": true,
                "scopes": [
                    "[resourceId('Microsoft.Compute/virtualMachines', parameters('virtualMachines_Windows_vm_01_name'))]"
                ],
                "evaluationFrequency": "PT5M",
                "windowSize": "PT5M",
                "criteria": {
                    "allOf": [
                        {
                            "threshold": 95,
                            "name": "Metric1",
                            "metricName": "Data Disk IOPS Consumed Percentage",
                            "operator": "GreaterThan",
                            "timeAggregation": "Average",
                            "criterionType": "StaticThresholdCriterion"
                        }
                    ],
                    "odata.type": "Microsoft.Azure.Monitor.MultipleResourceMultipleMetricCriteria"
                },
                "actions": [
                    {
                        "actionGroupId": "[resourceId('microsoft.insights/actionGroups', parameters('actionGroups_RecommendedAlertRules_AG_1_name'))]"
                    }
                ]
            }
        },
        {
            "type": "Microsoft.Insights/metricAlerts",
            "apiVersion": "2018-03-01",
            "name": "[parameters('metricAlerts_Network_In_Total___Linux_vm_02_name')]",
            "location": "global",
            "dependsOn": [
                "[resourceId('Microsoft.Compute/virtualMachines', parameters('virtualMachines_Linux_vm_02_name'))]",
                "[resourceId('microsoft.insights/actionGroups', parameters('actionGroups_RecommendedAlertRules_AG_1_name'))]"
            ],
            "tags": {
                "alertRuleCreatedWithAlertsRecommendations": "true"
            },
            "properties": {
                "severity": 3,
                "enabled": true,
                "scopes": [
                    "[resourceId('Microsoft.Compute/virtualMachines', parameters('virtualMachines_Linux_vm_02_name'))]"
                ],
                "evaluationFrequency": "PT5M",
                "windowSize": "PT5M",
                "criteria": {
                    "allOf": [
                        {
                            "threshold": 500000000000,
                            "name": "Metric1",
                            "metricName": "Network In Total",
                            "operator": "GreaterThan",
                            "timeAggregation": "Total",
                            "criterionType": "StaticThresholdCriterion"
                        }
                    ],
                    "odata.type": "Microsoft.Azure.Monitor.MultipleResourceMultipleMetricCriteria"
                },
                "actions": [
                    {
                        "actionGroupId": "[resourceId('microsoft.insights/actionGroups', parameters('actionGroups_RecommendedAlertRules_AG_1_name'))]"
                    }
                ]
            }
        },
        {
            "type": "Microsoft.Insights/metricAlerts",
            "apiVersion": "2018-03-01",
            "name": "[parameters('metricAlerts_Network_In_Total___Windows_vm_01_name')]",
            "location": "global",
            "dependsOn": [
                "[resourceId('Microsoft.Compute/virtualMachines', parameters('virtualMachines_Windows_vm_01_name'))]",
                "[resourceId('microsoft.insights/actionGroups', parameters('actionGroups_RecommendedAlertRules_AG_1_name'))]"
            ],
            "tags": {
                "alertRuleCreatedWithAlertsRecommendations": "true"
            },
            "properties": {
                "severity": 3,
                "enabled": true,
                "scopes": [
                    "[resourceId('Microsoft.Compute/virtualMachines', parameters('virtualMachines_Windows_vm_01_name'))]"
                ],
                "evaluationFrequency": "PT5M",
                "windowSize": "PT5M",
                "criteria": {
                    "allOf": [
                        {
                            "threshold": 500000000000,
                            "name": "Metric1",
                            "metricName": "Network In Total",
                            "operator": "GreaterThan",
                            "timeAggregation": "Total",
                            "criterionType": "StaticThresholdCriterion"
                        }
                    ],
                    "odata.type": "Microsoft.Azure.Monitor.MultipleResourceMultipleMetricCriteria"
                },
                "actions": [
                    {
                        "actionGroupId": "[resourceId('microsoft.insights/actionGroups', parameters('actionGroups_RecommendedAlertRules_AG_1_name'))]"
                    }
                ]
            }
        },
        {
            "type": "Microsoft.Insights/metricAlerts",
            "apiVersion": "2018-03-01",
            "name": "[parameters('metricAlerts_Network_Out_Total___Linux_vm_02_name')]",
            "location": "global",
            "dependsOn": [
                "[resourceId('Microsoft.Compute/virtualMachines', parameters('virtualMachines_Linux_vm_02_name'))]",
                "[resourceId('microsoft.insights/actionGroups', parameters('actionGroups_RecommendedAlertRules_AG_1_name'))]"
            ],
            "tags": {
                "alertRuleCreatedWithAlertsRecommendations": "true"
            },
            "properties": {
                "severity": 3,
                "enabled": true,
                "scopes": [
                    "[resourceId('Microsoft.Compute/virtualMachines', parameters('virtualMachines_Linux_vm_02_name'))]"
                ],
                "evaluationFrequency": "PT5M",
                "windowSize": "PT5M",
                "criteria": {
                    "allOf": [
                        {
                            "threshold": 200000000000,
                            "name": "Metric1",
                            "metricName": "Network Out Total",
                            "operator": "GreaterThan",
                            "timeAggregation": "Total",
                            "criterionType": "StaticThresholdCriterion"
                        }
                    ],
                    "odata.type": "Microsoft.Azure.Monitor.MultipleResourceMultipleMetricCriteria"
                },
                "actions": [
                    {
                        "actionGroupId": "[resourceId('microsoft.insights/actionGroups', parameters('actionGroups_RecommendedAlertRules_AG_1_name'))]"
                    }
                ]
            }
        },
        {
            "type": "Microsoft.Insights/metricAlerts",
            "apiVersion": "2018-03-01",
            "name": "[parameters('metricAlerts_Network_Out_Total___Windows_vm_01_name')]",
            "location": "global",
            "dependsOn": [
                "[resourceId('Microsoft.Compute/virtualMachines', parameters('virtualMachines_Windows_vm_01_name'))]",
                "[resourceId('microsoft.insights/actionGroups', parameters('actionGroups_RecommendedAlertRules_AG_1_name'))]"
            ],
            "tags": {
                "alertRuleCreatedWithAlertsRecommendations": "true"
            },
            "properties": {
                "severity": 3,
                "enabled": true,
                "scopes": [
                    "[resourceId('Microsoft.Compute/virtualMachines', parameters('virtualMachines_Windows_vm_01_name'))]"
                ],
                "evaluationFrequency": "PT5M",
                "windowSize": "PT5M",
                "criteria": {
                    "allOf": [
                        {
                            "threshold": 200000000000,
                            "name": "Metric1",
                            "metricName": "Network Out Total",
                            "operator": "GreaterThan",
                            "timeAggregation": "Total",
                            "criterionType": "StaticThresholdCriterion"
                        }
                    ],
                    "odata.type": "Microsoft.Azure.Monitor.MultipleResourceMultipleMetricCriteria"
                },
                "actions": [
                    {
                        "actionGroupId": "[resourceId('microsoft.insights/actionGroups', parameters('actionGroups_RecommendedAlertRules_AG_1_name'))]"
                    }
                ]
            }
        },
        {
            "type": "Microsoft.Insights/metricAlerts",
            "apiVersion": "2018-03-01",
            "name": "[parameters('metricAlerts_OS_Disk_IOPS_Consumed_Percentage___Linux_vm_02_name')]",
            "location": "global",
            "dependsOn": [
                "[resourceId('Microsoft.Compute/virtualMachines', parameters('virtualMachines_Linux_vm_02_name'))]",
                "[resourceId('microsoft.insights/actionGroups', parameters('actionGroups_RecommendedAlertRules_AG_1_name'))]"
            ],
            "tags": {
                "alertRuleCreatedWithAlertsRecommendations": "true"
            },
            "properties": {
                "severity": 3,
                "enabled": true,
                "scopes": [
                    "[resourceId('Microsoft.Compute/virtualMachines', parameters('virtualMachines_Linux_vm_02_name'))]"
                ],
                "evaluationFrequency": "PT5M",
                "windowSize": "PT5M",
                "criteria": {
                    "allOf": [
                        {
                            "threshold": 95,
                            "name": "Metric1",
                            "metricName": "OS Disk IOPS Consumed Percentage",
                            "operator": "GreaterThan",
                            "timeAggregation": "Average",
                            "criterionType": "StaticThresholdCriterion"
                        }
                    ],
                    "odata.type": "Microsoft.Azure.Monitor.MultipleResourceMultipleMetricCriteria"
                },
                "actions": [
                    {
                        "actionGroupId": "[resourceId('microsoft.insights/actionGroups', parameters('actionGroups_RecommendedAlertRules_AG_1_name'))]"
                    }
                ]
            }
        },
        {
            "type": "Microsoft.Insights/metricAlerts",
            "apiVersion": "2018-03-01",
            "name": "[parameters('metricAlerts_OS_Disk_IOPS_Consumed_Percentage___Windows_vm_01_name')]",
            "location": "global",
            "dependsOn": [
                "[resourceId('Microsoft.Compute/virtualMachines', parameters('virtualMachines_Windows_vm_01_name'))]",
                "[resourceId('microsoft.insights/actionGroups', parameters('actionGroups_RecommendedAlertRules_AG_1_name'))]"
            ],
            "tags": {
                "alertRuleCreatedWithAlertsRecommendations": "true"
            },
            "properties": {
                "severity": 3,
                "enabled": true,
                "scopes": [
                    "[resourceId('Microsoft.Compute/virtualMachines', parameters('virtualMachines_Windows_vm_01_name'))]"
                ],
                "evaluationFrequency": "PT5M",
                "windowSize": "PT5M",
                "criteria": {
                    "allOf": [
                        {
                            "threshold": 95,
                            "name": "Metric1",
                            "metricName": "OS Disk IOPS Consumed Percentage",
                            "operator": "GreaterThan",
                            "timeAggregation": "Average",
                            "criterionType": "StaticThresholdCriterion"
                        }
                    ],
                    "odata.type": "Microsoft.Azure.Monitor.MultipleResourceMultipleMetricCriteria"
                },
                "actions": [
                    {
                        "actionGroupId": "[resourceId('microsoft.insights/actionGroups', parameters('actionGroups_RecommendedAlertRules_AG_1_name'))]"
                    }
                ]
            }
        },
        {
            "type": "Microsoft.Insights/metricAlerts",
            "apiVersion": "2018-03-01",
            "name": "[parameters('metricAlerts_Percentage_CPU___Linux_vm_02_name')]",
            "location": "global",
            "dependsOn": [
                "[resourceId('Microsoft.Compute/virtualMachines', parameters('virtualMachines_Linux_vm_02_name'))]",
                "[resourceId('microsoft.insights/actionGroups', parameters('actionGroups_RecommendedAlertRules_AG_1_name'))]"
            ],
            "tags": {
                "alertRuleCreatedWithAlertsRecommendations": "true"
            },
            "properties": {
                "severity": 3,
                "enabled": true,
                "scopes": [
                    "[resourceId('Microsoft.Compute/virtualMachines', parameters('virtualMachines_Linux_vm_02_name'))]"
                ],
                "evaluationFrequency": "PT5M",
                "windowSize": "PT5M",
                "criteria": {
                    "allOf": [
                        {
                            "threshold": 80,
                            "name": "Metric1",
                            "metricName": "Percentage CPU",
                            "operator": "GreaterThan",
                            "timeAggregation": "Average",
                            "criterionType": "StaticThresholdCriterion"
                        }
                    ],
                    "odata.type": "Microsoft.Azure.Monitor.MultipleResourceMultipleMetricCriteria"
                },
                "actions": [
                    {
                        "actionGroupId": "[resourceId('microsoft.insights/actionGroups', parameters('actionGroups_RecommendedAlertRules_AG_1_name'))]"
                    }
                ]
            }
        },
        {
            "type": "Microsoft.Insights/metricAlerts",
            "apiVersion": "2018-03-01",
            "name": "[parameters('metricAlerts_Percentage_CPU___Windows_vm_01_name')]",
            "location": "global",
            "dependsOn": [
                "[resourceId('Microsoft.Compute/virtualMachines', parameters('virtualMachines_Windows_vm_01_name'))]",
                "[resourceId('microsoft.insights/actionGroups', parameters('actionGroups_RecommendedAlertRules_AG_1_name'))]"
            ],
            "tags": {
                "alertRuleCreatedWithAlertsRecommendations": "true"
            },
            "properties": {
                "severity": 3,
                "enabled": true,
                "scopes": [
                    "[resourceId('Microsoft.Compute/virtualMachines', parameters('virtualMachines_Windows_vm_01_name'))]"
                ],
                "evaluationFrequency": "PT5M",
                "windowSize": "PT5M",
                "criteria": {
                    "allOf": [
                        {
                            "threshold": 80,
                            "name": "Metric1",
                            "metricName": "Percentage CPU",
                            "operator": "GreaterThan",
                            "timeAggregation": "Average",
                            "criterionType": "StaticThresholdCriterion"
                        }
                    ],
                    "odata.type": "Microsoft.Azure.Monitor.MultipleResourceMultipleMetricCriteria"
                },
                "actions": [
                    {
                        "actionGroupId": "[resourceId('microsoft.insights/actionGroups', parameters('actionGroups_RecommendedAlertRules_AG_1_name'))]"
                    }
                ]
            }
        },
        {
            "type": "Microsoft.Insights/metricAlerts",
            "apiVersion": "2018-03-01",
            "name": "[parameters('metricAlerts_VM_Availability___Linux_vm_02_name')]",
            "location": "global",
            "dependsOn": [
                "[resourceId('Microsoft.Compute/virtualMachines', parameters('virtualMachines_Linux_vm_02_name'))]",
                "[resourceId('microsoft.insights/actionGroups', parameters('actionGroups_RecommendedAlertRules_AG_1_name'))]"
            ],
            "tags": {
                "alertRuleCreatedWithAlertsRecommendations": "true"
            },
            "properties": {
                "severity": 3,
                "enabled": true,
                "scopes": [
                    "[resourceId('Microsoft.Compute/virtualMachines', parameters('virtualMachines_Linux_vm_02_name'))]"
                ],
                "evaluationFrequency": "PT5M",
                "windowSize": "PT5M",
                "criteria": {
                    "allOf": [
                        {
                            "threshold": 1,
                            "name": "Metric1",
                            "metricName": "VmAvailabilityMetric",
                            "operator": "LessThan",
                            "timeAggregation": "Average",
                            "criterionType": "StaticThresholdCriterion"
                        }
                    ],
                    "odata.type": "Microsoft.Azure.Monitor.MultipleResourceMultipleMetricCriteria"
                },
                "actions": [
                    {
                        "actionGroupId": "[resourceId('microsoft.insights/actionGroups', parameters('actionGroups_RecommendedAlertRules_AG_1_name'))]"
                    }
                ]
            }
        },
        {
            "type": "Microsoft.Insights/metricAlerts",
            "apiVersion": "2018-03-01",
            "name": "[parameters('metricAlerts_VM_Availability___Windows_vm_01_name')]",
            "location": "global",
            "dependsOn": [
                "[resourceId('Microsoft.Compute/virtualMachines', parameters('virtualMachines_Windows_vm_01_name'))]",
                "[resourceId('microsoft.insights/actionGroups', parameters('actionGroups_RecommendedAlertRules_AG_1_name'))]"
            ],
            "tags": {
                "alertRuleCreatedWithAlertsRecommendations": "true"
            },
            "properties": {
                "severity": 3,
                "enabled": true,
                "scopes": [
                    "[resourceId('Microsoft.Compute/virtualMachines', parameters('virtualMachines_Windows_vm_01_name'))]"
                ],
                "evaluationFrequency": "PT5M",
                "windowSize": "PT5M",
                "criteria": {
                    "allOf": [
                        {
                            "threshold": 1,
                            "name": "Metric1",
                            "metricName": "VmAvailabilityMetric",
                            "operator": "LessThan",
                            "timeAggregation": "Average",
                            "criterionType": "StaticThresholdCriterion"
                        }
                    ],
                    "odata.type": "Microsoft.Azure.Monitor.MultipleResourceMultipleMetricCriteria"
                },
                "actions": [
                    {
                        "actionGroupId": "[resourceId('microsoft.insights/actionGroups', parameters('actionGroups_RecommendedAlertRules_AG_1_name'))]"
                    }
                ]
            }
        },
        {
            "type": "Microsoft.Network/bastionHosts",
            "apiVersion": "2024-01-01",
            "name": "[parameters('bastionHosts_vnet_01_Bastion_name')]",
            "location": "centralus",
            "dependsOn": [
                "[resourceId('Microsoft.Network/publicIPAddresses', parameters('publicIPAddresses_vnet_01_bastion_name'))]",
                "[resourceId('Microsoft.Network/virtualNetworks/subnets', parameters('virtualNetworks_vnet_01_name'), 'AzureBastionSubnet')]"
            ],
            "tags": {
                "NCPL": "Project-02"
            },
            "sku": {
                "name": "Basic"
            },
            "properties": {
                "dnsName": "bst-0a4e2caf-c1b7-4fb9-a756-e7bbf6b459e5.bastion.azure.com",
                "scaleUnits": 2,
                "ipConfigurations": [
                    {
                        "name": "IpConf",
                        "id": "[concat(resourceId('Microsoft.Network/bastionHosts', parameters('bastionHosts_vnet_01_Bastion_name')), '/bastionHostIpConfigurations/IpConf')]",
                        "properties": {
                            "privateIPAllocationMethod": "Dynamic",
                            "publicIPAddress": {
                                "id": "[resourceId('Microsoft.Network/publicIPAddresses', parameters('publicIPAddresses_vnet_01_bastion_name'))]"
                            },
                            "subnet": {
                                "id": "[resourceId('Microsoft.Network/virtualNetworks/subnets', parameters('virtualNetworks_vnet_01_name'), 'AzureBastionSubnet')]"
                            }
                        }
                    }
                ]
            }
        },
        {
            "type": "Microsoft.Network/virtualNetworks/subnets",
            "apiVersion": "2024-01-01",
            "name": "[concat(parameters('virtualNetworks_vnet_01_name'), '/subnet-01')]",
            "dependsOn": [
                "[resourceId('Microsoft.Network/virtualNetworks', parameters('virtualNetworks_vnet_01_name'))]",
                "[resourceId('Microsoft.Network/natGateways', parameters('natGateways_nat_gateway_name'))]"
            ],
            "properties": {
                "addressPrefixes": [
                    "10.0.0.0/24"
                ],
                "natGateway": {
                    "id": "[resourceId('Microsoft.Network/natGateways', parameters('natGateways_nat_gateway_name'))]"
                },
                "delegations": [],
                "privateEndpointNetworkPolicies": "Disabled",
                "privateLinkServiceNetworkPolicies": "Enabled"
            }
        },
        {
            "type": "Microsoft.Network/networkInterfaces",
            "apiVersion": "2024-01-01",
            "name": "[parameters('networkInterfaces_linux_vm_02666_z2_name')]",
            "location": "centralus",
            "dependsOn": [
                "[resourceId('Microsoft.Network/virtualNetworks/subnets', parameters('virtualNetworks_vnet_01_name'), 'subnet-01')]",
                "[resourceId('Microsoft.Network/loadBalancers/backendAddressPools', parameters('loadBalancers_Loadbalancer_name'), 'lb-bp')]",
                "[resourceId('Microsoft.Network/networkSecurityGroups', parameters('networkSecurityGroups_Windows_vm_01_nsg_name'))]"
            ],
            "tags": {
                "NCPL": "Project-02"
            },
            "kind": "Regular",
            "properties": {
                "ipConfigurations": [
                    {
                        "name": "ipconfig1",
                        "id": "[concat(resourceId('Microsoft.Network/networkInterfaces', parameters('networkInterfaces_linux_vm_02666_z2_name')), '/ipConfigurations/ipconfig1')]",
                        "type": "Microsoft.Network/networkInterfaces/ipConfigurations",
                        "properties": {
                            "privateIPAddress": "10.0.0.5",
                            "privateIPAllocationMethod": "Dynamic",
                            "subnet": {
                                "id": "[resourceId('Microsoft.Network/virtualNetworks/subnets', parameters('virtualNetworks_vnet_01_name'), 'subnet-01')]"
                            },
                            "primary": true,
                            "privateIPAddressVersion": "IPv4",
                            "loadBalancerBackendAddressPools": [
                                {
                                    "id": "[resourceId('Microsoft.Network/loadBalancers/backendAddressPools', parameters('loadBalancers_Loadbalancer_name'), 'lb-bp')]"
                                }
                            ]
                        }
                    }
                ],
                "dnsSettings": {
                    "dnsServers": []
                },
                "enableAcceleratedNetworking": true,
                "enableIPForwarding": false,
                "disableTcpStateTracking": false,
                "networkSecurityGroup": {
                    "id": "[resourceId('Microsoft.Network/networkSecurityGroups', parameters('networkSecurityGroups_Windows_vm_01_nsg_name'))]"
                },
                "nicType": "Standard",
                "auxiliaryMode": "None",
                "auxiliarySku": "None"
            }
        },
        {
            "type": "Microsoft.Network/networkInterfaces",
            "apiVersion": "2024-01-01",
            "name": "[parameters('networkInterfaces_windows_vm_01509_z1_name')]",
            "location": "centralus",
            "dependsOn": [
                "[resourceId('Microsoft.Network/virtualNetworks/subnets', parameters('virtualNetworks_vnet_01_name'), 'subnet-01')]",
                "[resourceId('Microsoft.Network/loadBalancers/backendAddressPools', parameters('loadBalancers_Loadbalancer_name'), 'lb-bp')]",
                "[resourceId('Microsoft.Network/networkSecurityGroups', parameters('networkSecurityGroups_Windows_vm_01_nsg_name'))]"
            ],
            "tags": {
                "NCPL": "Project-02"
            },
            "kind": "Regular",
            "properties": {
                "ipConfigurations": [
                    {
                        "name": "ipconfig1",
                        "id": "[concat(resourceId('Microsoft.Network/networkInterfaces', parameters('networkInterfaces_windows_vm_01509_z1_name')), '/ipConfigurations/ipconfig1')]",
                        "type": "Microsoft.Network/networkInterfaces/ipConfigurations",
                        "properties": {
                            "privateIPAddress": "10.0.0.4",
                            "privateIPAllocationMethod": "Dynamic",
                            "subnet": {
                                "id": "[resourceId('Microsoft.Network/virtualNetworks/subnets', parameters('virtualNetworks_vnet_01_name'), 'subnet-01')]"
                            },
                            "primary": true,
                            "privateIPAddressVersion": "IPv4",
                            "loadBalancerBackendAddressPools": [
                                {
                                    "id": "[resourceId('Microsoft.Network/loadBalancers/backendAddressPools', parameters('loadBalancers_Loadbalancer_name'), 'lb-bp')]"
                                }
                            ]
                        }
                    }
                ],
                "dnsSettings": {
                    "dnsServers": []
                },
                "enableAcceleratedNetworking": true,
                "enableIPForwarding": false,
                "disableTcpStateTracking": false,
                "networkSecurityGroup": {
                    "id": "[resourceId('Microsoft.Network/networkSecurityGroups', parameters('networkSecurityGroups_Windows_vm_01_nsg_name'))]"
                },
                "nicType": "Standard",
                "auxiliaryMode": "None",
                "auxiliarySku": "None"
            }
        }
    ]
}