{
    "$schema": "https://schema.management.azure.com/schemas/2015-01-01/deploymentParameters.json#",
    "contentVersion": "1.0.0.0",
    "parameters": {
        "networkWatchers_NetworkWatcher_centralus_name": {
            "value": null
        },
        "virtualMachines_Windows_vm_01_externalid": {
            "value": null
        },
        "virtualMachines_Linux_vm_02_externalid": {
            "value": null
        },
        "workspaces_DefaultWorkspace_c2e8f011_8c9d_46ea_916e_24aae3fc7dd6_CUS_externalid": {
            "value": null
        }
    }
}