{
    "$schema": "https://schema.management.azure.com/schemas/2019-04-01/deploymentTemplate.json#",
    "contentVersion": "1.0.0.0",
    "parameters": {
        "networkWatchers_NetworkWatcher_centralus_name": {
            "defaultValue": "NetworkWatcher_centralus",
            "type": "String"
        },
        "virtualMachines_Windows_vm_01_externalid": {
            "defaultValue": "/subscriptions/c2e8f011-8c9d-46ea-916e-24aae3fc7dd6/resourceGroups/project-02/providers/Microsoft.Compute/virtualMachines/Windows-vm-01",
            "type": "String"
        },
        "virtualMachines_Linux_vm_02_externalid": {
            "defaultValue": "/subscriptions/c2e8f011-8c9d-46ea-916e-24aae3fc7dd6/resourceGroups/project-02/providers/Microsoft.Compute/virtualMachines/Linux-vm-02",
            "type": "String"
        },
        "workspaces_DefaultWorkspace_c2e8f011_8c9d_46ea_916e_24aae3fc7dd6_CUS_externalid": {
            "defaultValue": "/subscriptions/c2e8f011-8c9d-46ea-916e-24aae3fc7dd6/resourceGroups/DefaultResourceGroup-CUS/providers/Microsoft.OperationalInsights/workspaces/DefaultWorkspace-c2e8f011-8c9d-46ea-916e-24aae3fc7dd6-CUS",
            "type": "String"
        }
    },
    "variables": {},
    "resources": [
        {
            "type": "Microsoft.Network/networkWatchers",
            "apiVersion": "2024-01-01",
            "name": "[parameters('networkWatchers_NetworkWatcher_centralus_name')]",
            "location": "centralus",
            "properties": {}
        },
        {
            "type": "Microsoft.Network/networkWatchers/connectionMonitors",
            "apiVersion": "2024-01-01",
            "name": "[concat(parameters('networkWatchers_NetworkWatcher_centralus_name'), '/coonection-monitor')]",
            "location": "centralus",
            "dependsOn": [
                "[resourceId('Microsoft.Network/networkWatchers', parameters('networkWatchers_NetworkWatcher_centralus_name'))]"
            ],
            "properties": {
                "endpoints": [
                    {
                        "name": "Windows-vm-01(project-02)",
                        "type": "AzureVM",
                        "resourceId": "[parameters('virtualMachines_Windows_vm_01_externalid')]"
                    },
                    {
                        "name": "Linux-vm-02(project-02)",
                        "type": "AzureVM",
                        "resourceId": "[parameters('virtualMachines_Linux_vm_02_externalid')]"
                    }
                ],
                "testConfigurations": [
                    {
                        "name": "testconfig",
                        "testFrequencySec": 30,
                        "protocol": "Tcp",
                        "tcpConfiguration": {
                            "port": 80,
                            "disableTraceRoute": false
                        },
                        "successThreshold": {
                            "checksFailedPercent": 98,
                            "roundTripTimeMs": 40
                        }
                    }
                ],
                "testGroups": [
                    {
                        "name": "test-group",
                        "disable": false,
                        "testConfigurations": [
                            "testconfig"
                        ],
                        "sources": [
                            "Windows-vm-01(project-02)"
                        ],
                        "destinations": [
                            "Linux-vm-02(project-02)"
                        ]
                    }
                ],
                "outputs": [
                    {
                        "type": "Workspace",
                        "workspaceSettings": {
                            "workspaceResourceId": "[parameters('workspaces_DefaultWorkspace_c2e8f011_8c9d_46ea_916e_24aae3fc7dd6_CUS_externalid')]"
                        }
                    }
                ]
            }
        }
    ]
}